,Temperature,Latitude,Longitude,Cloudiness,Country,Date,Humidity,Maximum Temperature,Wind Speed,City Name
0,-5.19,71.69,128.87,11,RU,1583009600,87,-5.19,8.34,Tiksi
1,80.2,-22.67,167.48,100,NC,1583009601,82,80.2,20.4,Vao
2,62.56,32.67,-17.1,75,PT,1583009602,77,66.2,2.24,Ponta do Sol
3,71.92,20.52,-13.05,0,MR,1583009603,8,71.92,6.93,Atar
4,82.24,-0.6,73.08,75,MV,1583009604,81,82.24,14.81,Hithadhoo
5,50.47,40.8,-124.16,40,US,1583009329,70,52.0,11.41,Eureka
6,58.98,36.62,-121.92,75,US,1583009606,66,66.0,16.11,Pacific Grove
7,22.46,42.6,-73.97,90,US,1583009608,61,28.4,16.11,Albany
8,85.23,-0.74,-90.35,20,EC,1583009609,62,87.8,14.99,Puerto Ayora
9,71.85,11.0,122.67,62,PH,1583009610,85,71.85,10.92,Dingle
10,79.95,-37.62,-73.65,0,CL,1583009611,35,79.95,4.61,Lebu
11,84.76,-6.22,-57.75,89,BR,1583009612,67,84.76,2.68,Jacareacanga
12,82.54,-5.67,132.75,97,ID,1583009613,76,82.54,2.89,Tual
13,58.73,34.04,-6.82,82,MA,1583009493,72,61.0,8.05,Salé
14,28.83,48.65,-53.11,0,CA,1583009616,77,28.83,10.27,Bonavista
15,71.56,31.37,-106.02,75,MX,1583009617,10,73.4,14.99,Praxédis Guerrero
16,80.35,11.67,92.75,3,IN,1583009618,75,80.35,10.07,Port Blair
17,-24.39,77.48,-69.36,25,GL,1583009619,71,-24.39,4.79,Qaanaaq
18,65.1,-34.53,20.04,1,ZA,1583009621,77,66.0,14.99,Bredasdorp
19,42.46,51.38,1.39,0,GB,1583009622,70,44.01,26.4,Margate
20,80.31,-23.12,-134.97,100,PF,1583009624,78,80.31,15.64,Rikitea
21,73.99,-38.55,-58.74,0,AR,1583009625,69,73.99,1.99,Necochea
22,64.45,-33.65,115.33,32,AU,1583009626,56,66.99,14.88,Busselton
23,2.57,73.51,80.55,100,RU,1583009627,92,2.57,19.82,Dikson
24,75.36,22.08,-159.32,75,US,1583009628,64,78.8,25.28,Kapaa
25,58.19,31.22,29.96,40,EG,1583009409,58,59.0,12.75,Alexandria
26,76.1,-21.37,55.62,0,RE,1583009630,83,78.8,5.82,Saint-Joseph
27,66.83,-33.93,18.42,0,ZA,1583009468,59,69.01,12.75,Cape Town
28,57.2,-54.8,-68.3,75,AR,1583009634,76,57.2,13.87,Ushuaia
29,-0.51,49.58,111.98,34,RU,1583009635,85,-0.51,4.0,Kyra
30,62.02,36.17,-115.14,1,US,1583009282,25,64.4,3.36,Las Vegas
31,60.8,37.72,-25.43,20,PT,1583009637,93,60.8,20.8,Vila Franca do Campo
32,26.62,53.07,76.1,99,KZ,1583009638,84,26.62,9.48,Kachīry
33,-4.0,78.22,15.64,20,SJ,1583009639,76,-4.0,12.75,Longyearbyen
34,77.0,-9.43,159.95,20,SB,1583009640,88,77.0,3.36,Honiara
35,29.25,52.13,42.03,0,RU,1583009642,92,29.25,7.43,Rzhaksa
36,66.0,-34.42,19.23,0,ZA,1583009643,74,66.0,13.0,Hermanus
37,53.28,29.58,-9.5,35,MA,1583009644,86,53.28,5.46,Tiznit Province
38,70.7,-25.17,45.05,100,MG,1583009646,87,70.7,10.74,Beloha
39,33.8,57.79,-152.41,90,US,1583009647,86,33.8,10.29,Saint Paul Harbor
40,51.21,40.6,-124.16,1,US,1583009648,62,52.0,11.41,Fortuna
41,24.28,43.32,145.57,100,JP,1583009649,67,24.28,4.61,Nemuro
42,74.82,-30.18,-50.21,0,BR,1583009650,71,74.82,10.18,Cidreira
43,14.0,53.05,158.65,87,RU,1583009651,61,14.0,4.47,Petropavlovsk-Kamchatskiy
44,78.48,7.53,-12.51,0,SL,1583009654,83,78.48,8.01,Bonthe
45,1.17,71.97,102.5,100,RU,1583009655,94,1.17,14.58,Khatanga
46,76.14,-22.97,-42.03,75,BR,1583009656,83,77.0,11.41,Arraial do Cabo
47,60.01,-46.13,167.68,62,NZ,1583009657,72,60.01,5.01,Tuatapere
48,92.91,-29.15,-59.65,19,AR,1583009659,20,92.91,13.76,Reconquista
49,39.2,62.23,-6.59,100,FO,1583009660,86,39.2,39.15,Klaksvík
50,62.89,22.93,57.53,0,OM,1583009661,44,62.89,8.46,Nizwá
51,62.85,38.73,-27.07,87,PT,1583009662,87,62.85,15.5,Praia da Vitória
52,75.58,18.9,-3.53,0,ML,1583009663,6,75.58,8.48,Araouane
53,80.6,-21.2,-175.2,40,TO,1583009664,88,80.6,8.05,Vaini
54,72.05,13.6,26.69,30,SD,1583009666,12,72.05,14.29,Umm Kaddadah
55,70.02,19.73,-155.09,40,US,1583009667,57,77.0,12.75,Hilo
56,52.39,-42.88,147.33,75,AU,1583009543,76,55.4,8.05,Hobart
57,75.52,22.68,-3.98,0,ML,1583009669,11,75.52,9.6,Taoudenni
58,80.44,3.67,100.99,40,MY,1583009671,94,80.6,2.24,Sungai Besar
59,42.8,50.1,-108.48,1,CA,1583009672,52,42.8,24.16,Gull Lake
60,26.6,55.74,-97.86,90,CA,1583009434,79,26.6,3.36,Thompson
61,30.2,43.8,87.6,75,CN,1583009674,80,30.2,4.47,Ürümqi
62,76.57,-14.3,-43.77,92,BR,1583009585,90,76.57,3.02,Carinhanha
63,66.02,-24.79,-50.01,24,BR,1583009655,84,66.02,7.38,Castro
64,66.2,-33.87,121.9,75,AU,1583009678,88,66.2,13.87,Esperance
65,73.26,2.77,27.62,29,CD,1583009679,51,73.26,1.03,Isiro
66,77.45,-20.41,57.7,40,MU,1583009680,94,78.01,3.36,Mahébourg
67,32.2,39.95,-75.16,90,US,1583009682,33,35.6,11.41,Philadelphia
68,42.44,35.73,140.83,75,JP,1583009683,93,44.6,5.82,Hasaki
69,83.88,-9.66,120.26,100,ID,1583009684,80,83.88,18.7,Waingapu
70,69.06,22.29,114.16,0,HK,1583009638,83,71.01,3.36,Hong Kong
71,44.6,39.72,64.55,0,UZ,1583009686,87,44.6,2.24,Kogon
72,62.6,-53.15,-70.92,75,CL,1583009510,72,62.6,34.45,Punta Arenas
73,82.67,10.57,72.64,100,IN,1583009689,67,82.67,1.19,Kavaratti
74,77.0,17.49,44.13,5,SA,1583009690,15,77.0,5.68,Najrān
75,79.5,-1.83,-44.87,100,BR,1583009691,88,79.5,3.98,Cururupu
76,85.44,-13.88,167.55,33,VU,1583009692,73,85.44,6.42,Sola
77,-22.0,69.45,-133.04,75,CA,1583009693,67,-22.0,6.93,Tuktoyaktuk
78,26.6,55.1,-105.28,90,CA,1583009694,79,26.6,11.41,La Ronge
79,61.84,34.64,-120.46,1,US,1583009576,48,68.0,8.05,Lompoc
80,54.36,-25.87,29.23,95,ZA,1583009696,86,54.36,6.35,Witbank
81,81.28,11.28,-15.83,0,GW,1583009697,62,81.28,12.33,Bubaque
82,77.29,14.31,121.11,20,PH,1583009698,74,78.8,6.93,Santa Rosa
83,74.41,-45.58,-72.07,20,CL,1583009699,44,75.2,6.93,Coyhaique
84,-5.58,67.8,130.41,0,RU,1583009702,38,-5.58,2.1,Batagay-Alyta
85,-7.51,63.05,179.32,0,RU,1583009703,85,-7.51,21.03,Beringovskiy
86,82.4,-21.21,-159.78,3,CK,1583009704,78,82.4,10.29,Avarua
87,32.79,46.43,26.4,12,RO,1583009705,74,34.0,9.17,Asău
88,63.0,-33.59,26.89,54,ZA,1583009645,90,63.0,17.6,Port Alfred
89,81.37,3.87,17.99,0,CF,1583009707,37,81.37,2.28,Mbaïki
90,71.94,27.98,-114.06,100,MX,1583009708,31,71.94,14.2,Guerrero Negro
91,77.92,-21.22,48.33,90,MG,1583009709,83,77.92,12.01,Mananjary
92,39.2,51.55,-9.27,40,IE,1583009711,69,39.2,26.4,Skibbereen
93,-2.2,71.29,-156.79,90,US,1583009712,77,-2.2,12.75,Barrow
94,54.21,32.53,20.58,0,LY,1583009714,66,54.21,7.36,Tūkrah
95,27.9,65.99,57.53,100,RU,1583009715,96,27.9,20.33,Usinsk
96,67.8,-33.02,27.91,63,ZA,1583009584,79,67.8,14.72,East London
97,24.8,55.28,-114.77,90,CA,1583009718,92,24.8,10.29,Slave Lake
98,-22.0,70.47,-68.59,20,CA,1583009719,67,-22.0,19.46,Clyde River
99,60.01,-46.19,168.86,42,NZ,1583009720,72,60.01,5.01,Mataura
100,68.7,-8.93,125.41,100,TL,1583009721,92,68.7,4.7,Airai
101,80.6,-33.01,17.94,0,ZA,1583009722,32,80.6,4.7,Saldanha
102,70.77,20.89,-156.47,75,US,1583009723,64,75.2,17.22,Kahului
103,22.98,51.8,68.33,100,KZ,1583009725,82,22.98,10.16,Atbasar
104,21.2,65.61,-37.64,75,GL,1583009726,67,21.2,13.87,Tasiilaq
105,8.6,60.72,-46.03,5,GL,1583009727,46,8.6,4.7,Qaqortoq
106,52.23,-42.78,147.06,75,AU,1583009728,76,55.4,8.05,New Norfolk
107,21.0,51.23,-58.65,100,CA,1583009730,85,21.0,6.26,Saint-Augustin
108,81.19,6.62,73.07,37,MV,1583009731,81,81.19,11.68,Kulhudhuffushi
109,54.5,-46.28,169.85,24,NZ,1583009732,71,54.5,9.64,Kaitangata
110,40.33,63.44,-20.27,100,IS,1583009733,67,40.33,26.73,Vestmannaeyjar
111,55.42,37.68,-113.06,1,US,1583009483,26,57.2,13.87,Cedar City
112,62.4,34.8,-106.54,1,US,1583009735,13,66.99,14.03,Meadow Lake
113,-8.07,68.75,161.3,14,RU,1583009736,99,-8.07,4.29,Cherskiy
114,84.61,-3.67,152.43,74,PG,1583009738,72,84.61,8.68,Namatanai
115,50.31,36.96,36.2,75,TR,1583009739,100,53.01,14.99,Erzin
116,72.43,5.95,80.54,100,LK,1583009740,86,72.43,5.41,Matara
117,68.0,-20.73,139.5,82,AU,1583009741,77,68.0,3.36,Mount Isa
118,75.99,-21.36,55.77,1,RE,1583009742,83,78.8,5.82,Saint-Philippe
119,-23.26,72.79,-56.15,60,GL,1583009744,85,-23.26,4.76,Upernavik
120,10.53,58.45,92.17,78,RU,1583009745,96,10.53,5.44,Yeniseysk
121,86.0,4.46,9.97,40,CM,1583009746,84,86.0,2.24,Yabassi
122,19.02,65.85,74.49,100,RU,1583009747,93,19.02,31.29,Pangody
123,67.87,-33.92,25.57,55,ZA,1583009748,78,67.87,15.5,Port Elizabeth
124,26.6,54.77,-101.86,90,CA,1583009749,73,26.6,4.7,Flin Flon
125,82.4,16.33,-15.0,0,SN,1583009751,5,82.4,11.25,Saint-Louis
126,31.12,41.37,-73.41,90,US,1583009752,74,36.0,10.29,Bethel
127,77.47,-20.52,57.52,40,MU,1583009753,94,78.01,3.36,Souillac
128,62.6,38.52,-28.7,75,PT,1583009754,88,62.6,17.22,Ribeira Grande
129,84.2,-20.32,118.57,19,AU,1583009755,94,84.2,4.7,Port Hedland
130,22.03,42.1,-79.24,90,US,1583009604,79,25.0,16.11,Jamestown
131,-0.11,69.7,170.31,100,RU,1583009757,98,-0.11,7.25,Pevek
132,10.18,46.49,135.88,90,RU,1583009759,96,10.18,1.9,Vostok
133,24.13,68.05,39.51,100,RU,1583009760,93,24.13,16.15,Ostrovnoy
134,49.05,32.68,109.02,0,CN,1583009761,79,49.05,2.35,Ankang
135,-6.47,64.38,-173.3,0,RU,1583009762,85,-6.47,13.09,Provideniya
136,70.72,-24.7,44.75,100,MG,1583009764,86,70.72,11.43,Ampanihy
137,55.58,35.2,26.25,0,GR,1583009765,70,55.58,28.48,Palekastro
138,20.01,70.37,31.11,5,NO,1583009768,79,20.01,5.95,Vardø
139,-1.48,71.92,114.08,100,RU,1583009769,85,-1.48,5.32,Saskylakh
140,84.47,3.07,172.79,68,KI,1583009770,80,84.47,21.79,Butaritari
141,58.48,37.46,-122.43,20,US,1583009771,62,64.99,23.04,Half Moon Bay
142,30.2,49.25,-55.05,20,CA,1583009772,46,30.2,12.75,Lewisporte
143,24.8,69.65,18.96,75,NO,1583009774,79,24.8,12.75,Tromsø
144,-2.34,65.7,82.47,55,RU,1583009776,91,-2.34,12.59,Krasnosel'kup
145,76.46,-6.22,149.55,96,PG,1583009777,90,76.46,3.11,Kandrian
146,72.18,1.74,98.78,11,ID,1583009778,92,72.18,2.84,Sibolga
147,14.59,48.01,91.64,0,MN,1583009779,67,14.59,3.42,Khovd
148,63.63,26.2,83.97,47,IN,1583009532,56,63.63,1.12,Lar
149,82.85,11.98,18.21,0,TD,1583009781,17,82.85,7.49,Bitkine
150,60.01,-46.6,168.33,33,NZ,1583009782,72,60.01,5.01,Bluff
151,-11.2,68.82,-51.19,20,GL,1583009783,42,-11.2,4.7,Qasigiannguit
152,-17.28,68.22,-135.01,75,CA,1583009784,68,-13.0,4.7,Aklavik
153,69.39,-35.33,-72.42,0,CL,1583009785,52,69.39,5.64,Constitución
154,78.53,-20.33,-40.29,75,BR,1583009787,88,78.8,9.17,Vila Velha
155,89.44,-20.78,117.13,48,AU,1583009788,51,89.44,8.08,Roebourne
156,86.0,6.5,2.6,20,BJ,1583009789,84,86.0,11.41,Porto-Novo
157,30.67,48.13,40.21,20,RU,1583009790,77,30.67,4.76,Likhoy
158,66.87,5.77,101.07,28,TH,1583009791,98,66.87,3.13,Betong
159,71.67,7.71,81.69,89,LK,1583009792,94,71.67,2.46,Batticaloa
160,68.0,20.93,-17.03,0,MR,1583009793,77,68.0,16.11,Nouadhibou
161,57.27,33.19,-82.53,1,US,1583009795,26,60.01,17.22,Avera
162,62.4,-34.0,24.73,19,ZA,1583009796,84,62.4,14.36,Kruisfontein
163,75.2,20.5,-10.07,0,MR,1583009797,10,75.2,10.27,Adrar
164,77.49,-20.34,57.76,40,MU,1583009800,94,78.01,3.36,Bambous Virieux
165,35.6,66.04,-17.34,75,IS,1583009801,64,35.6,6.93,Husavik
166,82.4,-15.72,46.32,20,MG,1583009802,88,82.4,6.93,Mahajanga
167,47.26,28.32,109.72,71,CN,1583009803,94,47.26,1.5,Jishou
168,77.0,-51.62,-69.22,100,AR,1583009804,25,77.0,24.16,Río Gallegos
169,66.29,-9.54,16.34,100,AO,1583009646,85,66.29,5.21,Malanje
170,29.21,56.37,75.24,100,RU,1583009806,87,29.21,8.61,Muromtsevo
171,30.51,59.7,30.79,75,RU,1583009807,80,30.99,4.47,Nikolskoye
172,68.0,-12.65,-73.92,75,PE,1583009808,52,68.0,6.93,Ayna
173,-0.81,53.57,142.95,97,RU,1583009809,99,-0.81,7.49,Okha
174,72.09,-38.0,-57.56,20,AR,1583009688,69,75.2,11.41,Mar del Plata
175,82.2,-9.8,-139.03,3,PF,1583009812,77,82.2,19.55,Atuona
176,76.24,-17.88,36.89,4,MZ,1583009813,90,76.24,6.89,Quelimane
177,82.0,13.98,10.27,100,NE,1583009814,18,82.0,3.0,Gouré
178,88.0,-34.9,-60.02,0,AR,1583009736,51,88.0,4.0,Chivilcoy
179,66.18,-34.58,150.86,0,AU,1583009807,100,73.0,7.76,Flinders
180,82.62,-9.01,-35.22,0,BR,1583009817,74,82.62,13.94,Maragogi
181,57.47,37.1,-113.58,99,US,1583009562,21,60.8,9.17,Saint George
182,45.61,36.82,21.7,66,GR,1583009819,49,51.01,4.7,Methóni
183,78.8,21.46,-71.14,75,TC,1583009820,69,78.8,12.75,Cockburn Town
184,76.24,-33.7,-53.46,0,UY,1583009821,61,76.24,10.27,Chui
185,80.42,4.87,-2.24,7,GH,1583009822,87,80.42,7.02,Esim
186,58.26,35.01,-90.79,1,US,1583009825,38,60.8,7.61,Forrest City
187,81.3,8.2,-59.78,75,GY,1583009826,61,81.3,5.84,Mabaruma
188,0.5,61.99,-49.67,0,GL,1583009827,58,0.5,13.6,Paamiut
189,77.0,1.24,111.46,100,MY,1583009828,100,77.0,2.53,Sri Aman
190,79.7,17.48,73.19,0,IN,1583009829,57,79.7,10.29,Guhāgar
191,84.63,13.64,16.49,36,TD,1583009830,13,84.63,11.52,Moussoro
192,74.25,-0.03,109.33,100,ID,1583009831,98,74.25,1.32,Pontianak
193,75.09,-3.8,102.27,100,ID,1583009832,89,75.09,3.15,Bengkulu
194,84.56,-15.23,-59.34,100,BR,1583009789,66,84.56,2.26,Pontes e Lacerda
195,60.31,-38.27,141.97,99,AU,1583009836,84,60.31,9.1,Codrington
196,71.1,-26.53,153.1,20,AU,1583009837,90,73.0,1.01,Coolum Beach
197,6.15,51.37,110.47,100,RU,1583009838,98,6.15,3.74,Khilok
198,40.05,40.43,71.72,0,UZ,1583009839,93,42.8,3.53,Yangi Marg`ilon
199,70.61,8.57,81.23,40,LK,1583009840,96,70.61,1.63,Trincomalee
200,85.14,-15.86,-38.88,40,BR,1583009841,70,86.0,3.36,Belmonte
201,77.88,9.49,50.81,0,SO,1583009842,69,77.88,11.18,Bandarbeyla
202,8.6,60.92,-46.05,5,GL,1583009843,46,8.6,4.7,Narsaq
203,-3.06,62.46,-114.35,75,CA,1583009661,70,-0.99,11.41,Yellowknife
204,-5.01,49.2,119.7,89,CN,1583009846,98,-5.01,5.35,Hailar
205,-0.4,69.49,88.4,42,RU,1583009847,84,-0.4,8.95,Talnakh
206,74.07,-20.28,44.28,0,MG,1583009849,78,74.07,3.15,Morondava
207,75.9,-23.86,35.38,54,MZ,1583009850,75,75.9,22.53,Inhambane
208,-0.4,69.35,87.76,15,RU,1583009851,84,-0.4,8.95,Kayerkan
209,86.0,-5.54,-35.82,40,BR,1583009852,70,86.0,14.99,João Câmara
210,-11.61,62.1,126.7,27,RU,1583009853,98,-11.61,5.03,Berdigestyakh
211,78.8,12.1,75.2,75,IN,1583009854,88,78.8,2.24,Payyanur
212,38.91,39.1,33.08,100,TR,1583009855,71,38.91,14.2,Kulu
213,72.72,4.05,38.3,0,ET,1583009856,56,72.72,7.31,Mēga
214,91.71,19.93,-105.25,0,MX,1583009859,30,91.71,9.15,Tomatlán
215,69.13,-3.75,103.64,100,ID,1583009860,97,69.13,2.44,Payo
216,20.5,42.25,-75.83,90,US,1583009861,57,24.01,5.82,Broome
217,73.4,-25.24,130.99,71,AU,1583009862,23,73.4,8.05,Yulara
218,70.16,26.18,127.76,75,JP,1583009863,88,71.6,9.17,Nishihara
219,51.57,40.16,-8.33,67,PT,1583009864,87,54.0,1.99,Lata
220,17.6,49.78,-74.85,90,CA,1583009865,72,17.6,8.05,Chapais
221,56.1,39.36,-9.38,20,PT,1583009866,87,57.99,5.82,Peniche
222,71.37,24.14,67.45,0,PK,1583009868,77,71.37,8.43,Keti Bandar
223,74.16,-13.7,-76.22,24,PE,1583009869,30,77.0,10.29,Pisco
224,61.23,-8.73,35.28,100,TZ,1583009870,96,61.23,0.27,Makungu
225,36.3,50.31,24.82,97,UA,1583009872,63,36.3,13.8,Kulykiv
226,47.16,43.08,0.67,90,FR,1583009874,87,48.99,6.93,Arrondissement de Saint-Gaudens
227,63.09,27.04,14.43,0,LY,1583009875,25,63.09,7.47,Sabha
228,33.8,50.84,37.29,0,RU,1583009876,69,33.8,6.71,Spornoye
229,76.08,-21.34,55.48,0,RE,1583009877,83,78.8,5.82,Saint-Pierre
230,48.99,31.81,121.66,100,CN,1583009878,95,48.99,5.48,Huilong
231,-0.27,65.82,87.98,2,RU,1583009880,94,-0.27,4.81,Turukhansk
232,77.79,-1.33,31.81,52,TZ,1583009881,57,77.79,4.61,Bukoba
233,52.52,-45.42,167.72,6,NZ,1583009882,72,52.52,4.56,Te Anau
234,22.19,50.68,156.12,100,RU,1583009884,93,22.19,5.99,Severo-Kuril'sk
235,80.83,-16.48,-151.75,100,PF,1583009885,85,80.83,24.34,Faanui
236,30.36,47.67,-52.73,20,CA,1583009886,46,32.0,14.99,Torbay
237,51.69,37.47,-105.87,1,US,1583009887,16,53.6,4.7,Alamosa
238,49.62,43.41,-124.22,1,US,1583009888,66,52.0,5.82,North Bend
239,-18.4,66.15,-65.71,75,CA,1583009889,68,-18.4,2.89,Pangnirtung
240,93.2,-25.33,-57.53,20,PY,1583009890,30,93.2,12.75,San Lorenzo
241,86.0,-8.01,-34.86,40,BR,1583009891,70,86.0,11.41,Olinda
242,15.49,64.9,45.76,92,RU,1583009892,94,15.49,7.27,Leshukonskoye
243,72.09,-17.72,-48.16,100,BR,1583009893,91,72.09,2.53,Ipameri
244,58.15,-32.72,25.59,0,ZA,1583009894,77,58.15,3.18,Somerset East
245,58.06,18.39,42.45,0,SA,1583009896,71,59.0,4.7,Faya
246,84.2,19.22,-104.7,5,MX,1583009897,66,84.2,13.87,San Patricio
247,-0.4,69.41,86.18,73,RU,1583009898,84,-0.4,8.95,Dudinka
248,71.38,-16.78,47.65,60,MG,1583009899,85,71.38,3.76,Tsaratanana
249,25.97,58.73,50.18,76,RU,1583009901,90,25.97,9.4,Slobodskoy
250,64.4,28.37,129.48,90,JP,1583009902,100,64.4,5.82,Naze
251,53.6,32.69,128.84,100,JP,1583009903,71,53.6,11.41,Fukuechō
252,51.17,44.39,-1.17,92,FR,1583009904,81,53.01,9.17,Biscarrosse
253,77.0,-17.73,-149.15,75,PF,1583009905,83,77.0,11.41,Tautira
254,66.99,22.99,114.71,0,CN,1583009906,83,66.99,1.48,Pingshan
255,15.3,66.8,65.81,100,RU,1583009908,95,15.3,5.06,Kharp
256,15.44,51.03,90.23,64,RU,1583009909,65,15.44,5.57,Teeli
257,36.03,47.78,44.51,100,RU,1583009910,69,36.03,2.86,Sadovoye
258,76.14,-21.64,-41.05,90,BR,1583009911,83,77.0,2.24,São João da Barra
259,79.14,5.38,-52.95,88,GF,1583009912,73,79.14,14.5,Sinnamary
260,35.64,39.18,-84.53,1,US,1583009712,37,37.99,11.41,Hamilton
261,86.0,-5.2,-35.46,40,BR,1583009914,70,86.0,14.99,Touros
262,73.99,23.17,112.28,2,CN,1583009915,99,73.99,2.26,Luk Pu
263,71.85,21.43,39.83,0,SA,1583009916,58,71.85,4.21,Makkah al Mukarramah
264,50.07,42.78,-9.06,75,ES,1583009917,87,55.0,5.82,Muros
265,79.43,6.04,80.22,94,LK,1583009918,77,79.43,10.67,Galle
266,35.2,37.48,141.0,0,JP,1583009919,92,37.99,3.0,Namie
267,79.56,10.84,121.01,68,PH,1583009921,75,79.56,26.17,Suba
268,62.96,-5.3,36.57,98,TZ,1583009922,90,62.96,0.76,Kibaya
269,69.51,-31.93,115.83,0,AU,1583009762,68,71.01,13.87,Perth
270,-4.67,70.63,147.92,16,RU,1583009924,86,-4.67,7.63,Chokurdakh
271,13.17,61.58,-149.44,1,US,1583009838,43,19.0,6.93,Wasilla
272,35.91,62.58,6.13,100,NO,1583009926,41,41.0,32.21,Roald
273,81.39,4.66,119.39,7,PH,1583009927,83,81.39,12.35,Venice of the Philippines
274,73.83,23.63,-103.65,0,MX,1583009928,15,73.83,14.32,Sombrerete
275,72.43,5.97,80.42,100,LK,1583009929,86,72.43,5.41,Weligama
276,29.66,52.42,41.43,0,RU,1583009931,91,29.66,8.97,Znamenka
277,-5.8,65.97,29.18,100,FI,1583009869,83,-5.8,2.24,Kuusamo
278,41.99,53.57,7.78,20,DE,1583009934,70,43.0,14.99,Wittmund
279,66.83,25.45,74.57,11,IN,1583009935,33,66.83,9.42,Māndal
280,64.26,38.42,-121.42,1,US,1583009936,42,68.0,3.36,Laguna
281,26.65,63.66,9.57,75,NO,1583009937,74,28.4,10.29,Beian
282,0.14,67.45,153.68,0,RU,1583009938,80,0.14,9.06,Srednekolymsk
283,-13.58,64.86,-147.8,1,US,1583009939,74,3.0,1.7,College
284,25.16,58.91,53.27,100,RU,1583009940,92,25.16,9.28,Kostino
285,89.6,10.4,-75.51,20,CO,1583009692,55,89.6,14.99,Cartagena
286,5.0,64.18,-51.72,20,GL,1583009942,65,5.0,13.87,Nuuk
287,21.92,66.83,70.83,100,RU,1583009943,91,21.92,28.88,Yar-Sale
288,58.33,28.89,64.41,0,PK,1583009944,30,58.33,5.17,Dalbandin
289,-11.09,63.75,-68.51,40,CA,1583009805,69,-11.0,2.24,Iqaluit
290,91.2,-31.39,-58.02,40,AR,1583009947,41,91.4,4.7,Concordia
291,85.48,-17.78,-57.77,0,BO,1583009948,64,85.48,2.77,Puerto Quijarro
292,59.94,34.45,40.92,22,SY,1583009949,51,59.94,14.41,Abu Kamal
293,73.89,32.9,-97.55,1,US,1583009950,17,75.99,20.8,Azle
294,73.4,-41.87,-73.82,0,CL,1583009951,56,73.4,10.29,Ancud
295,77.2,1.2,-70.17,100,CO,1583009953,93,77.2,3.38,Mitú
296,83.53,-8.14,159.59,57,SB,1583009954,71,83.53,3.13,Buala
297,75.58,-21.15,149.2,40,AU,1583009955,88,79.0,5.82,Mackay
298,43.23,48.22,18.61,90,SK,1583009942,64,48.0,4.7,Levice
299,70.74,20.88,-156.68,75,US,1583009764,64,75.2,17.22,Lahaina
300,-14.21,66.94,-53.67,0,GL,1583009958,85,-14.21,5.08,Sisimiut
301,-0.53,59.38,143.3,0,RU,1583009960,67,-0.53,8.43,Okhotsk
302,32.52,42.8,93.45,0,CN,1583009961,37,32.52,4.74,Kumul
303,75.54,14.9,-24.5,0,CV,1583009962,50,75.54,19.17,São Filipe
304,62.1,39.05,-27.98,100,PT,1583009963,87,62.1,22.26,Lagoa
305,89.67,-26.79,-60.44,0,AR,1583009964,29,89.67,6.71,Presidencia Roque Sáenz Peña
306,75.22,15.03,120.69,40,PH,1583009965,78,78.8,2.24,San Fernando
307,85.32,-20.74,116.85,4,AU,1583009966,82,85.32,14.79,Karratha
308,71.04,-25.3,152.85,40,AU,1583009917,88,73.99,6.93,Hervey Bay
309,80.6,-0.95,-80.73,75,EC,1583009969,83,80.6,8.05,Manta
310,35.31,38.89,-76.51,90,US,1583009970,37,37.99,14.99,Mayo
311,65.03,30.48,-115.95,100,MX,1583009971,50,65.03,11.45,San Quintín
312,74.75,-0.87,134.08,24,ID,1583009974,85,74.75,2.19,Manokwari
313,83.32,-2.67,141.3,47,PG,1583009975,75,83.32,7.87,Vanimo
314,75.2,17.02,54.09,0,OM,1583009976,57,75.2,4.7,Salalah
315,77.7,16.29,119.81,33,PH,1583009977,77,77.7,14.47,Catuday
316,67.3,36.19,-94.13,1,US,1583009978,24,70.0,13.87,Springdale
317,-14.8,65.28,-126.83,20,CA,1583009979,68,-14.8,10.29,Norman Wells
318,64.4,28.5,-13.86,20,ES,1583009980,82,64.4,16.11,Puerto del Rosario
319,9.72,55.3,89.83,64,RU,1583009981,98,9.72,2.48,Uzhur
320,61.43,24.68,92.57,0,IN,1583009982,71,61.43,1.39,Hailākāndi
321,56.62,27.34,117.48,93,CN,1583009983,97,56.62,4.03,Shaowu
322,26.6,49.0,-64.4,20,CA,1583009985,45,26.6,20.8,Riviere-au-Renard
323,-0.54,61.67,96.37,5,RU,1583009986,96,-0.54,2.59,Baykit
324,38.73,55.8,-4.39,100,GB,1583009987,93,41.0,5.82,Barrhead
325,90.93,-21.25,-63.5,0,BO,1583009988,23,90.93,9.48,Villamontes
326,75.2,-24.87,113.63,0,AU,1583009989,83,75.2,14.99,Carnarvon
327,87.8,11.03,-63.86,27,VE,1583009918,48,87.8,19.46,La Asuncion
328,57.72,35.17,-2.93,0,MA,1583009991,82,60.8,14.99,Nador
329,57.2,39.89,4.27,100,ES,1583009992,93,57.2,10.29,Mahon
330,-6.68,68.31,-53.46,100,GL,1583009993,92,-6.68,7.72,Kangaatsiaq
331,76.51,17.89,-77.59,71,JM,1583009994,73,76.51,3.87,Bull Savanna
332,28.4,56.04,51.4,40,RU,1583009995,86,28.4,15.66,Lubyany
333,55.4,39.85,9.5,40,IT,1583009996,93,55.4,12.75,Gairo
334,74.66,-4.05,19.53,100,CD,1583009998,87,74.66,3.42,Mangai
335,26.6,54.27,-110.73,90,CA,1583009999,86,26.6,20.8,Bonnyville
336,27.03,40.28,97.2,69,CN,1583010000,44,27.03,12.21,Yumen
337,4.96,46.68,113.28,100,MN,1583010001,93,4.96,6.93,Baruun-Urt
338,72.7,23.15,-81.92,40,CU,1583010002,40,73.4,17.22,Santa Cruz del Norte
339,32.4,36.67,48.48,0,IR,1583009738,72,32.4,8.19,Zanjān
340,80.42,4.88,-1.76,7,GH,1583010004,87,80.42,7.02,Takoradze
341,82.4,-3.33,128.92,100,ID,1583010005,79,82.4,5.57,Amahai
342,69.8,26.33,43.98,40,SA,1583010007,35,69.8,12.75,Buraidah
343,82.62,-8.9,-35.15,0,BR,1583010008,74,82.62,13.94,São José da Coroa Grande
344,71.6,-16.56,-42.89,100,BR,1583010009,91,71.6,4.14,Grão Mogol
345,77.59,-20.01,57.66,40,MU,1583010010,94,78.01,3.36,Grand Gaube
346,81.75,11.85,13.16,75,NG,1583010011,15,81.75,8.95,Maiduguri
347,75.79,18.69,12.92,0,NE,1583010012,11,75.79,7.52,Bilma
348,23.0,70.03,20.97,90,NO,1583010013,92,23.0,10.29,Skjervøy
349,87.8,15.74,-96.47,5,MX,1583010014,89,87.8,11.41,Pochutla
350,62.17,14.2,24.67,0,SD,1583010015,16,62.17,5.48,Kutum
351,59.99,-0.5,-78.57,75,EC,1583010016,67,69.8,9.17,Machachi
352,15.03,60.14,-45.24,0,GL,1583010017,66,15.03,12.97,Nanortalik
353,74.35,24.34,124.16,68,JP,1583010019,80,74.35,17.69,Ishigaki
354,78.8,-9.97,-67.81,40,BR,1583010020,83,78.8,10.29,Rio Branco
355,77.0,19.67,-102.23,5,MX,1583010021,50,77.0,11.41,Charapán
356,45.03,37.98,23.72,20,GR,1583009864,50,50.0,3.36,Athens
357,73.18,2.02,112.93,97,MY,1583010023,99,73.18,0.51,Kapit
358,29.89,52.37,-114.92,100,CA,1583010025,86,29.89,16.11,Rocky Mountain House
359,39.11,58.21,-6.39,100,GB,1583009857,76,39.2,9.17,Stornoway
360,6.8,51.26,-80.61,90,CA,1583010027,71,6.8,4.7,Moose Factory
361,53.91,34.23,-77.94,75,US,1583010024,30,55.99,20.8,Wilmington
362,20.23,51.29,85.68,89,RU,1583010029,87,20.23,4.54,Shebalino
363,70.2,26.12,127.67,75,JP,1583010030,88,71.6,9.17,Itoman
364,24.37,57.62,64.39,62,RU,1583010032,90,24.37,11.92,Turinskaya Sloboda
365,42.89,34.91,48.44,20,IR,1583010033,55,42.89,4.56,Bahār
366,31.26,63.84,-22.43,90,IS,1583010034,72,32.0,12.75,Grindavik
367,34.0,40.5,141.5,77,JP,1583010036,80,34.0,1.99,Hachinohe
368,77.0,-8.38,-74.55,75,PE,1583010038,94,77.0,4.7,Pucallpa
369,61.45,-32.5,137.77,88,AU,1583009832,67,62.01,6.93,Port Augusta
370,47.7,35.25,140.38,75,JP,1583010041,93,50.0,5.82,Ōhara
371,73.78,-15.2,12.15,71,AO,1583010042,81,73.78,9.28,Mossamedes
372,64.11,-39.93,175.05,1,NZ,1583010044,70,66.0,4.0,Wanganui
373,78.13,-6.33,108.32,100,ID,1583010045,88,78.13,8.68,Indramayu
374,3.4,60.72,-135.05,40,CA,1583010036,77,12.0,3.65,Whitehorse
375,32.49,59.32,13.47,100,SE,1583010047,96,33.01,11.41,Skoghall
376,26.67,60.87,60.42,33,RU,1583010048,90,26.67,9.73,Polunochnoye
377,78.6,4.38,-7.72,100,LR,1583010049,90,78.6,4.47,Harper
378,78.94,22.89,-109.91,5,MX,1583009894,44,84.99,6.93,Cabo San Lucas
379,53.6,31.75,54.21,0,IR,1583010051,32,53.6,2.24,Taft
380,41.86,46.73,8.18,90,CH,1583010052,52,46.4,9.17,Meiringen
381,47.46,48.37,-123.73,90,CA,1583010053,70,50.0,20.8,Sooke
382,62.6,30.42,103.46,100,CN,1583010054,59,62.6,5.79,Linqiong
383,60.8,-29.27,26.71,63,ZA,1583010056,87,60.8,5.82,Botshabelo
384,49.51,45.67,-118.79,90,US,1583010057,39,55.0,23.04,Pendleton
385,95.0,2.82,-60.67,40,BR,1583010058,34,95.0,10.29,Boa Vista
386,23.49,59.62,52.47,66,RU,1583010059,92,23.49,8.16,Rudnichnyy
387,81.34,-16.7,-151.02,100,PF,1583010060,81,81.34,20.98,Fare
388,-10.62,62.67,131.17,0,RU,1583010061,93,-10.62,3.53,Borogontsy
389,14.25,47.47,84.87,87,KZ,1583010063,94,14.25,0.81,Zaysan
390,19.85,52.03,80.38,100,RU,1583010064,90,19.85,4.99,Volchikha
391,72.0,8.0,124.29,99,PH,1583010065,89,72.0,8.01,Marawi
392,22.28,43.62,-73.02,90,US,1583009975,73,27.0,8.05,Rutland
393,-20.2,69.2,33.45,42,RU,1583010069,75,-20.2,2.24,Polyarny
394,42.8,50.7,-127.42,75,CA,1583010070,87,42.8,8.05,Port Hardy
395,84.42,-8.77,160.7,39,SB,1583010071,73,84.42,7.49,Auki
396,58.8,-38.23,146.4,98,AU,1583010072,95,62.01,3.0,Morwell
397,60.89,30.76,20.23,0,LY,1583010073,75,60.89,8.93,Ajdabiya
398,29.98,36.7,45.14,90,IR,1583010065,94,29.98,7.2,Piranshahr
399,80.38,-3.77,-49.67,94,BR,1583010075,89,80.38,2.98,Tucuruí
400,81.55,10.37,10.73,8,NG,1583010076,16,81.55,7.94,Bara
401,83.14,10.67,-61.53,20,TT,1583010077,51,84.2,13.87,Mucurapo
402,75.43,-34.48,-54.33,0,UY,1583010078,47,75.43,10.31,Rocha
403,23.99,55.28,65.32,78,RU,1583010079,91,23.99,12.97,Lesnikovo
404,41.16,64.25,-15.21,100,IS,1583010081,61,41.16,39.71,Hofn
405,67.35,-31.43,152.92,90,AU,1583010082,100,70.0,3.36,Port Macquarie
406,32.88,42.6,-84.38,1,US,1583010083,71,35.01,13.87,Ingham
407,66.2,-32.25,148.62,76,AU,1583010084,88,66.2,9.17,Dubbo
408,36.37,57.05,-135.33,90,US,1583010085,93,37.4,5.82,Sitka
409,61.74,29.2,25.52,0,EG,1583010086,48,61.74,8.14,Sīwah
410,66.2,-26.65,15.16,31,NA,1583010087,88,66.2,10.29,Lüderitz
411,19.81,67.67,53.09,100,RU,1583010088,96,19.81,6.15,Naryan-Mar
412,72.52,21.4,-157.74,75,US,1583010089,77,75.2,19.46,Kailua
413,86.49,7.38,8.57,6,NG,1583010090,13,86.49,1.07,Yaan
414,62.76,27.25,78.68,4,IN,1583010092,74,62.76,7.4,Jasrāna
415,75.27,14.69,-17.44,0,SN,1583010041,38,77.0,19.46,Dakar
416,82.58,-3.7,128.18,100,ID,1583010094,80,82.58,5.59,Ambon City
417,42.08,46.14,9.57,75,IT,1583010095,65,45.0,4.7,Morbegno
418,6.49,61.28,108.01,100,RU,1583009808,96,6.49,4.68,Yerbogachën
419,78.44,-2.89,-40.12,39,BR,1583010043,86,78.44,4.29,Acaraú
420,-0.04,69.3,139.9,0,RU,1583010098,53,-0.04,3.89,Deputatsky
421,39.2,62.16,-7.17,100,FO,1583010100,91,39.2,39.15,Vestmanna
422,32.59,40.43,-86.91,1,US,1583009955,50,35.6,9.17,West Lafayette
423,65.17,33.08,-16.33,20,PT,1583010102,82,66.2,9.17,Camacha
424,86.0,16.86,-99.89,5,MX,1583009975,74,86.0,3.36,Acapulco de Juárez
425,76.75,-15.35,-48.5,64,BR,1583010105,83,76.75,2.89,Padre Bernardo
426,80.04,-21.61,-55.17,1,BR,1583010106,74,80.04,6.51,Maracaju
427,31.28,43.52,-114.32,63,US,1583010107,79,31.28,6.35,Hailey
428,8.83,66.71,27.43,71,FI,1583010108,81,8.83,2.01,Kemijärvi
429,77.0,-17.53,-149.33,75,PF,1583010109,83,77.0,11.41,Tiarei
430,41.68,51.94,1.28,2,GB,1583010110,70,44.01,26.4,Harwich
431,51.8,36.37,6.61,34,DZ,1583010045,62,51.8,9.17,Constantine
432,68.0,-28.77,114.6,49,AU,1583010112,88,68.0,9.17,Geraldton
433,72.91,21.28,-88.27,0,MX,1583010113,50,72.91,12.59,Panabá
434,65.98,-19.17,46.73,0,MG,1583010114,88,65.98,1.54,Soavinandriana
435,68.0,-29.95,-71.34,20,CL,1583010115,68,68.0,12.75,Coquimbo
436,74.25,-14.53,-40.37,69,BR,1583010117,67,74.25,5.53,Poções
437,76.32,1.17,108.97,100,ID,1583010118,93,76.32,6.46,Pemangkat
438,49.33,35.13,140.3,75,JP,1583010119,76,50.0,9.17,Katsuura
439,80.6,-0.72,8.78,40,GA,1583010120,94,80.6,5.82,Port-Gentil
440,84.22,7.58,0.6,72,TG,1583010121,48,84.22,3.42,Badou
441,79.83,5.41,100.34,20,MY,1583009905,78,82.0,4.7,George Town
442,30.25,60.06,71.48,100,RU,1583010123,85,30.25,13.24,Salym
443,78.84,-10.62,150.67,100,PG,1583010125,81,78.84,3.49,Samarai
444,-20.09,64.75,177.48,20,RU,1583010126,75,-20.0,6.71,Anadyr
445,-5.8,66.0,111.5,0,RU,1583010128,91,-5.8,4.47,Aykhal
446,80.1,-10.07,-78.15,21,PE,1583010129,60,80.1,9.78,Huarmey
447,84.27,-2.57,150.8,100,PG,1583010132,72,84.27,2.28,Kavieng
448,84.29,-3.41,-39.03,20,BR,1583010133,66,86.0,5.82,Paracuru
449,73.76,29.57,-97.96,1,US,1583010134,36,75.99,14.99,Seguin
450,54.32,31.77,35.22,40,IL,1583010135,87,55.4,12.75,Jerusalem
451,77.0,-15.77,128.73,75,AU,1583010136,100,77.0,3.51,Kununurra
452,1.6,60.34,102.28,74,RU,1583010137,98,1.6,1.36,Vanavara
453,3.11,50.37,119.1,99,RU,1583010138,97,3.11,2.95,Priargunsk
454,79.41,-9.45,-46.3,45,BR,1583010141,82,79.41,4.5,Morros
455,36.12,41.28,-70.1,20,US,1583010142,37,37.4,17.22,Nantucket
456,7.88,56.01,90.39,30,RU,1583010144,97,7.88,3.83,Nazarovo
457,75.29,-7.95,110.28,96,ID,1583010145,89,75.29,1.7,Bambanglipuro
458,38.79,44.18,23.82,56,RO,1583010146,69,42.01,4.7,Ţuglui
459,7.09,50.72,136.63,0,RU,1583010147,86,7.09,5.39,Solnechnyy
460,-10.25,63.9,122.76,90,RU,1583010148,99,-10.25,5.53,Kysyl-Syr
461,77.0,-28.24,-48.67,40,BR,1583010151,78,77.0,11.41,Imbituba
462,23.47,50.03,-66.87,90,CA,1583010152,85,24.01,10.29,Port-Cartier
463,78.84,-2.65,10.0,100,GA,1583010153,89,78.84,7.7,Gamba
464,41.25,51.07,-1.8,20,GB,1583009897,70,44.01,17.22,Salisbury
465,3.43,59.24,163.07,0,RU,1583010155,67,3.43,4.83,Ossora
466,87.8,15.85,-97.07,5,MX,1583010156,89,87.8,11.41,Puerto Escondido
467,8.58,54.72,158.62,100,RU,1583010157,95,8.58,3.67,Mil'kovo
468,85.14,1.0,-52.0,84,BR,1583010158,64,85.14,2.62,Amapá
469,72.63,-27.1,-52.62,100,BR,1583010010,60,72.63,3.87,Chapecó
470,48.2,35.36,35.93,75,SY,1583010160,81,48.2,13.87,Jablah
471,-7.38,64.5,-165.41,1,US,1583009927,91,-4.0,3.36,Nome
472,85.78,9.31,15.81,0,TD,1583010162,17,85.78,4.68,Kelo
473,82.18,2.67,72.89,31,MV,1583010164,77,82.18,13.78,Kudahuvadhoo
474,75.4,5.35,48.53,0,SO,1583010165,81,75.4,11.59,Hobyo
475,64.4,24.09,32.91,0,EG,1583010166,34,64.4,11.41,Aswān
476,85.44,-32.03,-52.1,0,BR,1583010006,29,87.8,16.11,Rio Grande
477,54.72,40.56,8.32,66,IT,1583010168,82,59.0,16.11,Alghero
478,98.6,5.66,-67.62,40,VE,1583010169,37,98.6,3.36,Puerto Ayacucho
479,62.22,-11.9,33.6,88,MW,1583010170,95,62.22,5.32,Mzimba
480,42.67,53.55,9.93,65,DE,1583010172,65,45.0,24.16,Altona
481,27.82,63.73,8.83,75,NO,1583009955,74,28.4,10.29,Sistranda
482,39.2,54.67,20.13,90,RU,1583010176,80,39.2,11.18,Tsimmerbude
483,28.87,57.2,56.91,100,RU,1583010177,92,28.87,10.85,Orda
484,78.6,4.42,-7.35,100,CI,1583010179,90,78.6,4.47,Tabou
485,18.77,51.28,81.11,100,RU,1583010180,82,18.77,4.79,Veseloyarsk
486,49.1,45.29,14.65,75,HR,1583010181,61,52.0,10.29,Zlobin
487,31.6,40.13,-77.0,90,US,1583010105,45,34.0,12.75,York
488,71.17,11.45,122.55,39,PH,1583010183,90,71.17,1.43,Burias
489,68.7,-0.95,100.35,100,ID,1583010184,89,68.7,4.34,Padang
490,74.14,32.52,-93.73,1,US,1583010186,27,75.2,8.05,Bossier City
491,59.0,-38.38,142.48,99,AU,1583010187,94,59.0,8.5,Warrnambool
492,69.13,-43.3,-65.1,0,AR,1583010188,54,69.13,12.21,Rawson
493,23.13,54.08,53.67,100,RU,1583010189,91,23.13,5.95,Yermekeyevo
494,-5.1,53.13,132.9,38,RU,1583010191,95,-5.1,2.46,Tokur
495,1.49,65.75,150.85,0,RU,1583010192,79,1.49,12.71,Zyryanka
496,63.14,3.1,98.49,44,ID,1583010193,95,63.14,2.06,Kabanjahe
497,74.75,-6.32,155.48,24,PG,1583010194,91,74.75,1.32,Panguna
498,68.27,-28.87,153.57,90,AU,1583010196,100,72.0,4.7,Ballina
499,16.81,52.47,96.11,100,RU,1583010197,95,16.81,4.14,Toora-Khem
500,65.61,-10.71,22.22,97,AO,1583010199,96,65.61,4.5,Luau
501,30.88,47.48,-55.8,41,CA,1583010200,70,30.88,9.84,Harbour Breton
502,76.69,8.08,22.4,0,CF,1583010201,21,76.69,6.06,Ouadda
503,78.44,-2.92,-39.92,39,BR,1583010202,86,78.44,4.29,Itarema
504,31.05,52.04,33.95,44,UA,1583010206,87,31.05,6.42,Druzhba
505,84.94,-2.02,147.27,98,PG,1583010208,75,84.94,9.26,Lorengau
506,74.89,-4.24,142.84,92,PG,1583010209,98,74.89,2.86,Ambunti
507,27.52,47.62,-57.62,100,CA,1583010210,92,27.52,4.65,Burgeo
508,78.87,-22.06,-46.98,20,BR,1583010211,65,80.6,8.05,Aguaí
509,77.67,-12.93,-46.94,42,BR,1583010212,88,77.67,2.64,Arraias
510,6.89,44.58,129.6,64,CN,1583010214,96,6.89,0.96,Mudanjiang
511,65.89,37.2,-94.35,1,US,1583010031,34,69.01,14.99,Jasper
512,-5.8,66.42,112.4,3,RU,1583010216,91,-5.8,4.47,Udachny
513,74.32,31.34,-94.73,1,US,1583010108,23,77.0,11.41,Lufkin
514,-4.97,66.32,-179.17,0,RU,1583010218,91,-4.97,8.63,Egvekinot
515,68.0,26.62,-78.28,20,BS,1583010219,49,68.0,19.46,High Rock
516,86.68,18.61,-90.75,0,MX,1583010220,25,86.68,2.93,Escárcega
517,53.85,35.53,-108.74,1,US,1583010221,18,55.4,18.34,Gallup
518,82.4,12.06,-61.75,62,GD,1583010222,61,82.4,19.46,St. George's
519,77.76,-13.37,-39.07,0,BR,1583010223,77,77.76,2.95,Valença
520,77.0,-7.84,-79.15,20,PE,1583010224,78,77.0,5.82,Chicama
521,77.34,20.45,121.97,68,PH,1583010225,79,77.34,19.01,Basco
522,-2.54,63.45,120.32,100,RU,1583010227,99,-2.54,1.66,Verkhnevilyuysk
523,54.21,33.53,-84.37,1,US,1583010228,26,57.99,10.29,Clayton
524,96.8,7.24,-70.73,20,VE,1583010229,34,96.8,5.82,Guasdualito
525,57.2,31.35,27.25,40,EG,1583010230,50,57.2,17.22,Marsá Maţrūḩ
526,58.96,-22.09,-65.59,62,BO,1583010231,50,58.96,16.11,Villazón
527,63.0,-35.72,150.18,16,AU,1583010233,96,63.0,1.99,Batemans Bay
528,74.53,-7.88,111.12,100,ID,1583010234,92,74.53,1.61,Jatiroto
529,83.46,-11.7,43.26,4,KM,1583010235,75,83.46,8.23,Moroni
530,88.95,-3.38,-57.72,100,BR,1583010236,59,88.95,1.66,Maués
531,88.65,-27.25,-58.55,20,AR,1583010238,35,89.6,11.41,Paso de Patria
532,37.18,36.25,138.9,1,JP,1583010239,93,41.0,3.36,Tomioka
533,0.55,69.38,178.42,100,RU,1583010241,86,0.55,6.55,Leningradskiy
534,24.8,58.19,40.17,3,RU,1583010242,68,24.8,11.18,Danilov
535,4.28,49.42,130.08,90,RU,1583010243,98,4.28,2.35,Arkhara
536,83.98,-40.81,-63.0,0,AR,1583010244,24,83.98,14.25,Viedma
537,80.6,-12.23,136.77,100,AU,1583010245,88,80.6,1.45,Nhulunbuy
538,102.9,-35.66,-63.76,0,AR,1583010247,10,102.9,8.37,General Pico
539,70.0,-35.62,174.5,61,NZ,1583010248,87,70.0,1.01,Ngunguru
540,38.17,58.98,-2.96,33,GB,1583010249,74,39.2,12.75,Kirkwall
541,78.89,5.66,-53.78,100,GF,1583010251,69,78.89,6.49,Mana
542,55.4,-37.83,140.77,66,AU,1583010252,100,55.4,8.05,Mount Gambier
543,86.0,6.37,2.42,20,BJ,1583010253,84,86.0,11.41,Cotonou
544,84.2,7.77,-72.22,40,VE,1583010254,62,84.2,11.41,San Cristobal
545,8.53,50.57,123.72,99,CN,1583010255,96,8.53,0.76,Alihe
546,77.09,-4.32,20.58,95,CD,1583010256,71,77.09,1.86,Ilebo
547,41.0,37.72,20.83,20,GR,1583010257,75,41.0,5.1,Lithakia
548,82.15,5.89,95.32,4,ID,1583010258,76,82.15,9.93,Sabang
549,27.68,46.52,-84.33,1,CA,1583010259,58,30.2,11.41,Sault Ste. Marie
550,74.84,-8.12,111.89,100,ID,1583010260,94,74.84,2.57,Boyolangu
551,76.23,-29.66,17.89,0,ZA,1583010261,30,76.23,11.25,Springbok
552,30.2,64.54,-21.92,75,IS,1583010263,92,30.2,9.89,Borgarnes
553,41.0,32.87,59.22,0,IR,1583010265,44,41.0,6.93,Birjand
554,75.87,18.74,7.39,0,NE,1583010266,9,75.87,11.61,Arlit
555,90.72,3.87,-67.92,94,CO,1583010267,53,90.72,1.59,Inírida
556,6.73,59.63,112.74,96,RU,1583010268,96,6.73,2.17,Peleduy
557,86.0,-4.18,-38.13,20,BR,1583010269,66,86.0,5.82,Beberibe
558,73.4,-17.11,-43.81,75,BR,1583010127,83,73.4,3.36,Bocaiúva
559,69.75,-28.65,153.62,90,AU,1583010166,100,73.99,4.7,Byron Bay
560,71.64,-22.09,-70.2,0,CL,1583010272,47,71.64,10.13,Tocopilla
561,59.92,27.92,96.17,0,IN,1583010273,50,59.92,3.94,Tezu
562,68.0,-23.7,133.88,100,AU,1583010229,22,68.0,8.55,Alice Springs
